Medicine ID,Medicine Name,Quantity
2,A TO Z (DROP) 1*10,-10
3,A TO Z (SYRUP) 1*200M,248
4,A TO Z (TAB) 1*15,94
5,A TO Z GOLD 2X15,-2
6,ABDOMINAL BELT XXL 1,10
7,ABHAY TOX 0.5ML INJ 1X120,89
8,ABHAYRAB VIAL 1PCS,0
9,ABHAYRAB-PF VIAL 1X1,77
10,ABZORB DUSTING POWDER (60GM) 1PCS,0
11,ABZORB DUSTING POWDER 120GM 1PCS,187
12,ACERA D 1X10,89
13,ACILOC 300MG TAB 30X20,200
14,ACILOC RD 24X15,0
15,ACIVIR 200 DT TAB 1X50,0
16,ACIVIR 400 DT [BIG] 10X50STRIP,0
17,ACIVIR 400 DT TAB 5X50STRIP,0
18,ACIVIR 800 DT TAB 1X10,0
19,ACIVIR CREAM 10GM,0
20,ACNE-AID BAR 100G.  1PCS,0
21,ADVENT 150MG INJ 1 VIAL,0
22,ADVENT 300MG INJ 1 VIAL,0
23,ADVENT 600MG INJ 1 VIAL,0
24,ADVENT FORTE SYP 30ML,0
25,ADVENT SYP 30ML,0
26,AEROCORT FORTE ROTOCAP 1PCS,90
27,AEROCORT INHALER 1PCS,0
28,AEROCORT ROTACAPS 1PCS,0
29,AKT 2 TAB 10*10STRIPS,0
30,AKT 3 TAB 2*40STRIP,0
31,AKT 4 TAB 4*40STRIPS,0
32,AKT FD TAB 3*30STRIPS,0
33,AKURIT 3MG TAB 10*20STRIP,0
34,AKURIT 4MG TAB 10*20STRIP,0
35,AKURIT KID TAB 10*10STRIP,0
36,AKURIT TAB 6*25STRIPS,0
37,AKURIT Z KID 10*10STRIP,0
38,AL5ZYME CAP 10*10STRIP,0
39,ALDAY TAB 10*20STRIP,0
40,ALERID COLD TAB 10*10STRIP,0
41,ALERID D TAB 10X50STRIP,0
42,ALERID SYP 30ML 1PKT*40PCS,0
43,ALERID SYP 60ML 1PKT*30PCS,0
44,ALERID TAB (NEW) 1X140,0
45,ALERID TAB 1X140STRIP,0
46,ALFUSIN D 10 TAB 1X10,0
47,ALFUSIN TAB 1X10,0
48,ALGISOD SYP 100ML,0
49,ALLEGRA 120MG TAB 10*15 STRIPS,0
50,ALLEGRA 180MG TAB 10*15STRIPS,0
51,ALLEGRA DUO NASAL SPRAY 1PCS,0
52,ALLEGRA M TAB 10*5STRIPS,0
53,ALLEGRA NASAL SPRAY 1PCS,0
54,ALLEGRA SUP 100ML 1PCS,0
55,ALLERBEST TAB 10X12STRIP,0
56,ALLSTAR REUSABLE INSULIN PEN 1*1PCS,0
57,ALTHROCIN 125MG TAB 10X10,0
58,ALTHROCIN 250MG TAB 10*50STRIP,0
59,ALTHROCIN 500MG TAB 10*15STRIP,0
60,ALTHROCIN DROP 1PKT*10PIECE,0
61,ALTHROCIN SYP. 1PCS,0
62,AMARYL 1MG TAB 30*10STRIP,0
63,AMARYL 2MG TAB 30*15STRIP,0
64,AMARYL 3MG TAB 30*10STRIP,0
65,AMARYL M 1 MG 20*8STRIP,0
66,AMARYL M 2 MG 20*8STRIP,0
67,AMARYL M FORTE 1MG 15*10STRIP,0
68,AMARYL M FORTE 2MG 15*10STRIP,0
69,AMARYL MP 1MG 20*8STRIP,0
70,AMARYL MP 2MG 20*8STRIP,0
71,AMARYL MV 1 MG 15*10STRIP,0
72,AMARYL MV 2 MG 15*10STRIP,0
73,AMBISTRYN-S 0.75GM 1X25,0
74,AMBISTRYN-S 1GM 1X25,0
75,AMBRODIL S SYRP 100ML,200
76,AMINOFIT 15*2STRIPS,0
77,AMLOGARD 10GM TAB 30*10STRIP,0
78,AMLOGARD 2.5MG TAB 30*10STRIP,200
79,AMLOGARD 5MG TAB 30*10STRIPS,0
80,AMLOPRES 10MG TAB 10*50STRIP,0
81,AMLOPRES 2.5MG TAB 15*100STRIP,0
82,AMLOPRES 5MG TAB 30*60STRIP,0
83,AMLOPRES AT 25 TAB 15*75STRIP,0
84,AMLOPRES AT TAB 15*60STRIP,0
85,AMLOPRES L TAB 15*20STRIP,0
86,AMLOPRES TL 80MG TAB 1X10,0
87,AMLOPRES TL TAB 15*10STRIP,0
88,ANAFORTAN AMP 1BOX*20AMP,0
89,ANAFORTAN DROP 1PKT*12PIECE,-9
90,ANAFORTAN N TAB 10*12STRIP,0
91,ANAFORTAN SYP 1PCS,0
92,ANAFORTAN TAB 15*12STRIP,0
93,ANAFORTAN VIAL 1VIAL,0
94,ANAFORTAN-MF TAB 1X12,0
95,APIDRA CATRIDGE 5*3ML 1PCS,0
96,APIDRA SOLOSTAR 300IU 1PCS,0
97,APIDRA VIAL 1PCS,0
98,ARACHITOL 3LAK 1ML*6AMPOULES,0
99,ARACHITOL 6LAK 1ML*6AMPOULES,0
100,ARACHITOL GUMMIES 1BOX*30GUMMIES,0
101,ARACHITOL KIDS  1BOX,25
102,ARACHITOL NANO 5ML LIQUID 5ML*4SOLUTION,65
103,ARISTOZYME CAP 15 STRIPS,79
104,ARISTOZYME DROP 1*15ML,0
105,ARISTOZYME SYP  200ML 1 PCS,0
106,ASCABIOL 120ML,0
107,ASCABIOL 60ML,0
108,ASTHAKIND DX 60ML SYP 60ML,0
109,ASTHAKIND DX SYP 100ML 100ML,0
110,ASTHAKIND EXP 100ML SYP 100ML,0
111,ASTHAKIND EXP 60ML 60ML,0
112,ASTHAKIND LS 100ML SYP 100ML,0
113,ASTHALIN 2MG TAB 30X60STRIP,0
114,ASTHALIN 4MG TAB 45X60STRIP,0
115,ASTHALIN EXPECTORANT PLUS 1PCS,0
116,ASTHALIN INHALER 1PCS,0
117,ASTHALIN RESPIRTATOR SOLU 1PCS,0
118,ASTHALIN RESPULES 2.5ML*40RESPULE,0
119,ASTHALIN ROTACAPS 60*1PCS,0
120,ASTHALIN SYP 100ML*1PCS,0
121,ATIVAN 1MG  1BOX,0
122,ATIVAN 2MG TAB 1X80STRIP,0
123,ATORLIP 10MG TAB 15*10STRIP,0
124,ATORLIP 20MG TAB 15*10STRIP,0
125,ATORLIP 40MG TAB 10*10STRIP,0
126,ATORLIP 80MG TAB 7*10STRIP,0
127,AUGMENTIN 1.2 VAIL 1VIAL,0
128,AUGMENTIN 1G DUO TAB 10X5STRIP,0
129,AUGMENTIN 375MG TAB 10*5STRIP,0
130,AUGMENTIN 625MG TAB 1X10,0
131,AUGMENTIN DDS SYP 1PCS,0
132,AUGMENTIN DUO SYP 1PCS,0
133,AUGMENTIN ES SUS 1PCS,0
134,AUGMENTIN I.V. 300MG PCS,0
135,AUTRIN CAP. 30*20STRIP,0
136,AUTRIN-XT TAB 10X10STRIP,-24
137,AVAMYS NASAL SPRAY-10G 1PCS,0
138,AVIL 10 ML VAIL 1VIAL,0
139,AVIL 25MG TAB 15*80STRIP,0
140,AVIL 2ML 2ML*10AMP,0
141,AVIL 50MG TAB 15*80STRIP,0
142,AVIL-NU TAB 1X10STRIP,0
143,AVOMINE TAB 10*75STRIP,0
144,AZEE 100 DRY SYP 1X15ML,0
145,AZEE 200 DRY SYP 1X15ML,0
146,AZEE 250 TAB 10X60STRIP,-54
147,AZEE 500MG TAB (BIG) 1X60STRIP,0
148,AZEE 500MG TAB 5*30STRIP,0
149,AZITHRAL 100 SYP 15*15PIC,0
150,AZITHRAL 200 SYP 15*15PIC,0
151,AZITHRAL 250MG 10*60STRIP,0
152,AZITHRAL 500MG 5*36STRIP,0
153,AZITHRAL JR 7.5ML 1BOX*10PCS,0
154,AZITHRAL KID 5*15STRIP,0
155,AZITHRAL-XL 100 SYP 30ML,0
156,AZITHRAL-XL 200 SYP 30ML,0
157,BACTRIM SYP 50ML,0
158,BACTRIM-DS TAB 1BOX,0
159,BANOCIDE FORT 30*20STRIP,0
160,BANOCIDE TAB 20X20STRIP,0
161,BARALGAN NU TAB 10*40STRIP,0
162,BECADXAMIN CAP 30CAP*10CC*1BOX,0
163,BECLATE-200 ROTACAPS 1PCS,0
164,BECOSULES + SYRUP 200ML,0
165,BECOSULES 120ML SRYP 120ML*1PCS,0
166,BECOSULES CAP. 20*25STRIP,0
167,BECOSULES JUNIOR SYP 200ML*1PCS,0
168,BECOSULES PERFORMANCE 15*1STRIP,0
169,BECOSULES PLUS 30*10STRIP,0
170,BECOSULES Z CAP 20*25STRIP,0
171,BEIPOS TAB  1BOX,0
172,BENEGUT SUSPENSION 1X5,0
173,BENZ PEARLS 10*10STRIP,0
174,BENZ PEARLS 10*10STRIP,0
175,BETADINE 10% SOLU 500ML 500ML,0
176,BETADINE 125GM 1TUBE,0
177,BETADINE 250GM JAR 250GM,0
178,BETADINE GARGLE  50ML 50ML,0
179,BETADINE GARGLE 100ML 100ML,0
180,BETADINE GRANULES 1BOX,0
181,BETADINE HAND RUB 1PCS,0
182,BETADINE OINT 20GM 1PCS,0
183,BETADINE ONIT 25GM 1PCS,0
184,BETADINE POWDER 10GM,0
185,BETADINE SOLUTION 100ML 1BOTLE,0
186,BETADINE STD MICR 5% 500ML,0
187,BETADINE STD MICRO  1000ML,0
188,BETADINE SURG.SCR 1X50ML,0
189,BETADINE VAGINAL TAB 10*1STRIP,0
190,BETAMIL GM CREAM 1PCS,0
191,BETNESOL AMP[40]  1BOX,0
192,BETNESOL FORTE TAB 20X25STRIP,0
193,BETNESOL N-EYE DROP 1DROP,0
194,BETNESOL ORAL DROP 1DROP,0
195,BETNESOL TAB 20*72STRIP,0
196,BETNOVATE C SKIN CREAM 1*10,0
197,BETNOVATE GM SKIN CREAM 1TUBE,0
198,BETNOVATE N SKIN CREAM 1TUBE,0
199,BETNOVATE S SKIN OINT 1*10,0
200,BETNOVATE SKIN CREAM 1*10,0
201,BILAFAV-M TAB 1X10,0
202,BILAMBIC-M TAB 10X10STRIP,0
203,BILASURE 20MG TAB 1X10,0
204,BILASURE 40MG TAB 1X10,0
205,BILASURE-M TAB 1X10,0
206,BRO ZEET LS 1MG SUP 100ML,0
207,BRO ZEET LS SUP 100ML*1PCS,0
208,BRO ZEET SF 100ML 100ML*1PCS,0
209,BRO ZEET SYP 1PCS,0
210,BRONCOREX  50 ML 50ML*1Pcs,0
211,BRONCOREX 100 ML 100ML*1Pcs,0
212,BRUFEEN 200MG TAB 15*40STRIP,0
213,BRUFEEN 400MG TAB 15*60STRIP,0
214,BRUFEEN 600MG TAB 15*30STRIP,0
215,BRUFEN JUNIOR 60ML,0
216,BRUFEN-P JUNIOR SUS 100ML,0
217,BUDECORT 0.5MG (BIG) 2ML*50RESPUL,0
218,BUDECORT 0.5MG 2ML 1X5RESPULES,0
219,BUDECORT 1MG RESPULES 1X40,0
220,BUDECORT 200 ROTOCAPS 1PCS,0
221,BUDECORT 400 ROTOCAPS 1PCS,0
222,BUDEFEX RESPULES 7X5,0
223,BUDESAL 0.5 RES 2ML*40RESPULS,0
224,BUSCOGAST AMP 1BOX*50AMP,0
225,BUSCOGAST PLUS TAB 10*10STRIP,0
226,BUSCOGAST TAB 10*20STRIP,0
227,CALPOL 120MG SUP 1SYP,0
228,CALPOL 250MG SUP 1PIS,0
229,CALPOL 500+ TAB 1X45,0
230,CALPOL 650+ TAB 1X30,0
231,CALPOL 650MG 15*30STRIP,0
232,CALPOL DROP 1PIC,0
233,CALPOL LOOSE 1BOX1000TAB,0
234,CALPOL T TAB 15X5STRIP,0
235,CANDID B CREAM 10GM 1X10GM,0
236,CANDID POWDER 120 GM 1*120,0
237,CANDID POWDER 60GM 1*60,0
238,CANDID V6 TAB 1X6TAB,0
239,CARDACE 1.25MG 15*10STRIP,0
240,CARDACE 10MG 15*10STRIP,0
241,CARDACE 2.5MG 15*10STRIP,0
242,CARDACE 5MG 15*10STRIP,0
243,CARDACE AM 10 TAB 15*10STRIP,0
244,CARDACE AM 2.5 15*10STRIP,0
245,CARDACE AM 5 15*10STRIP,0
246,CARDACE H 10MG 15*10STRIP,0
247,CARDACE H 2.5MG 15*10STRIP,0
248,CARDACE H 5MG 15*10STRIP,0
249,CARDACE METO 2.5 10X10STRIP,0
250,CARDACE METO 5 10*10STRIP,0
251,CARDACE PROTECT 2.5 10*10STRIP,0
252,CARMADA 100MG TAB 1X10,0
253,CARMADA 200MG TAB 1X10,0
254,CARMADA 50MG TAB 1X10,0
255,CARNITOR 500MG TAB 10*1STRIP,0
256,CARNITOR PLUS TAB 10*1STRIP,0
257,C-C-M TAB 40TAB*1CC,0
258,CEFF KID 10*10STRIP,0
259,CEFTUM 125MG TAB 4*5STRIP,0
260,CEFTUM 250MG TAB 4X5STRIP,0
261,CEFTUM 500MG TAB 4X5STRIP,0
262,CELIN 500MG 25X20STRIP,0
263,CELIN CHEWABLE TAB 20X20STRIP,0
264,CENTRUM MEN TAB 1X30 1*30,0
265,CENTRUM WOMEN 1*30,0
266,CEPODEM-200MG TAB 10*10STRIP,0
267,CEPODEM-O TAB 10*10STRIP,0
268,CEPODEM-OD TAB 5*1STRIP,0
269,CEPODEM-XP 325MG TAB  BOX,0
270,CEROXIM 250MG TAB 10*10STRIP,0
271,CEROXIM 500MG TAB 10*10STRIP,0
272,CETAPIN V 0.2 TAB 15*10STRIP,0
273,CETAPIN V 0.3 TAB 15*10STRIP,0
274,CETAPIN XR 1000MG 15*10STRIP,0
275,CETAPIN XR 500MG 20*11STRIP,0
276,CETGEL CAP 10*30STRIP,0
277,CETZINE SYP  1*18,0
278,CHERICOF 12 SUSPENSION 1X60ML,0
279,CHERICOF JUNIOR 60ML 60ML*1PCS,0
280,CHERICOF LS SUP 100ML*1PCS,0
281,CHERICOF SF SYP 100ML*1PCS,0
282,CHERICOF SYP  60ML 60ML*1PCS,0
283,CHERICOF SYP 100ML 100ML*1PCS,0
284,CHIRORAB INJ 1PCS,0
285,CHLOROMYCETIN APPLICAPS 50*1Pcs,0
286,CIFRAN 250MG TAB 10*40STRIP,0
287,CIFRAN 500MG TAB 10*40STRIP,0
288,CIFRAN CT TAB 10*15STRIP,0
289,CIFRAN EYE DROP 10ML,0
290,CIFRAN-D EYE DROP 10ML,0
291,CILACAR 10MG 1BOX,0
292,CILACAR 20MG 1BOX,0
293,CILACAR 5MG TAB 1BOX,0
294,CILACAR-M 10/50 1BOX,0
295,CILACAR-M TAB 1BOX,0
296,CILACAR-T TAB 1BOX,0
297,CIPLACTIN PLUS SYP  PCS,0
298,CIPLACTIN TAB 15*100STRIP,0
299,CIPLADINE OINT 10GM 10GM,0
300,CIPLADINE OINT 20GM 20GM,0
301,CIPLAR 10MG TAB 15X100STRIP,0
302,CIPLAR 40MG TAB 15X100STRIP,0
303,CIPLAR-LA 20MG TAB 1X60,0
304,CIPLAR-LA 40MG TAB 15X60STRIP,0
305,CIPLENZA 400MG TAB  BOX,0
306,CIPLENZA 800MG TAB  BOX,0
307,Ciplenza 800mg Tablet,-292
308,CIPLOX 500MG TAB 10X60STRIP,0
309,CIPLOX D EYE DROPS 1DROP,0
310,CIPLOX EYE DROPS 1DROP,0
311,CIPLOX-TZ TAB 10X40STRIP,0
312,CLEXANE 40MG/0.4ML INJ 1PCS,0
313,CLEXANE 60MG/0.6ML INJ 1PCS,0
314,CLINIC PLUS 50ML,0
315,CLOBETAMIL-G CREAM PCS,0
316,COBADEX CZS CAP 15X20STRIP,0
317,COFSILS ORANGE JAR 1JAR,0
318,COLLAFLEX PRO 12.1GM*10SACHET,0
319,COLLAFLEX PRO PLUS 6*10STRIP,0
320,COLLAFLEX SACHET 10.2GM*10SACHET,0
321,COLOSPA RETARD CAP 1X10,0
322,COLOSPA TAB 15X10STRIP,0
323,COMBIFLAM SUP 60ML*1PCS,0
324,COMBIFLAM TAB 20*39STRIP,0
325,COMBUNEX 800 TAB 10*12STRIP,0
326,COMBUTOL 1000MG TAB 10*12STRIP,0
327,COMBUTOL 200MG TAB 10*12STRIP,0
328,COMBUTOL 400MG TAB 10*12STRIP,0
329,COMBUTOL 600MG TAB 10*12STRIP,0
330,COMBUTOL 800MG TAB 10*30STRIP,0
331,COMPLAN CREAMY CLASSIC JAR 500GM,0
332,COMPLAN JAR 200GM 200GM,0
333,COMPLAN K/B BOX PACK 200GM,0
334,COMPLAN K/B BOX PACK 500GM,0
335,COMPLAN K/B JAR 500GM,0
336,COMPLAN KESAR BADAM 500GM,0
337,COMPLAN R/C BOX PACK 200GM,0
338,COMPLAN R/C BOX PACK 500GM,0
339,COMPLAN R/C JAR 500GM,0
340,COMPLAN SACHET 60GM 60GM,0
341,COMPLAN SACHET 75GM 75GM,0
342,COMPLAN-JAR 1KG 1KG,0
343,CONTRACTUBEX GEL 20GM,0
344,CONTRAMAL 100MG INJ 1X25,0
345,CONTRAMAL-DT 50MG TAB 1*5STRIP,0
346,CONTRAMAL-SR 100MG TAB 1*3STRIP,0
347,COOL PACK-LARGE 1*1,0
348,COQ 300MG CAP 15*1STRIP,0
349,COQ CAPS 10*10STRIP,0
350,COQ FORTE 10*3STRIP,0
351,COQ-LC TAB 1X10TAB,0
352,CORCIUM HD TAB 10*10STRIP,0
353,CORCIUM K2 TAB 10*10STRIP,0
354,CORCIUM PLUS 10*10STRIP,0
355,CORCIUM TAB 10*10STRIP,0
356,CORDARONE 100 MG 15*20STRIP,0
357,CORDARONE INJ 1X1,0
358,CORDARONE X 200 MG 15X10STRIP,0
359,COREX-DX-100ML 100ML*1Pcs,0
360,COREX-DX-50ML 50ML*1Pcs,0
361,COREX-LS SYP 100ML,0
362,COREX-T SYP 1PCS,0
363,corex-t syp pcs,0
364,COSOME COUGH SYP 100ML 100ML*1PCS,0
365,CPINK DROP 15ML,0
366,CPINK SUS 200ML,0
367,CREMA-ANO 1X20GM,0
368,CREMADIET DUO POWDER 150GM,0
369,CREMADIET PLUS POWDER 100GM,0
370,CREMAFFIN [MF] 225ML 225ML*1PCS,0
371,CREMAFFIN [MF] 225ML 225ML*1PCS,0
372,CREMAFFIN PLUS 225ML 225ML*1PCS,0
373,CREMAGEL 2% 30GM 1X30GM,0
374,CREMAGEL-H 20GM 1X20GM,0
375,CREMAGEL-L GEL 1X30GM,0
376,CREMALEX TAB 6*20STRIP,0
377,CROCIN 120 SUSPENSION 1 PCS,0
378,CROCIN 240 SUSPENSION 100ML 1 PCS,0
379,CROCIN 650 TAB 25 STRIPS,0
380,CROCIN ADVANCCE TAB 1STRP,0
381,CROCIN BABY DROPS 15ML 1 PCS,0
382,CYNOMYCIN  50MG CAP 6*10STRIP,0
383,CYNOMYCIN 100MG CAP 6*10STRIP,0
384,CYPON SYP 200ML 1 PCS,0
385,CZ3 TAB  1BOX,0
386,D.COLD TAB 6X12,0
387,DALACIN C 300MG 10*2STRIP,0
388,DALACIN-C 300MG INJ 2ML,0
389,DALACIN-C 600MG INJ 4ML,0
390,DAONIL TAB 30*20STRIP,0
391,DAPSONE TAB 1000*1CC,0
392,DAXID 100MG TAB 15*20STRIP,0
393,DAXID 25MG TAB 15*20STRIP,0
394,DAXID 50MG TAB 15*20STRIP,0
395,DEPAKOTE 250MG TAB 1X10,0
396,DEPAKOTE 500MG TAB 1X10,0
397,DEPAKOTE-XR 250MG TAB 1X10,0
398,DEPAKOTE-XR 500MG TAB 1X10,0
399,DEPO 1ML VIAL  1VIAL,0
400,DEPURA 60K 5ML*4SOLUTION,0
401,DEPURA KID 15ML*1DROP,0
402,DERMOCALM LOTION 50ML  1PIC,0
403,DERMOCLAM LOTION 100ML 1LOTIO,0
404,DETTOL ANTISEPTIC CREAM 30GM,0
405,DETTOL BAND AID 1BOX,0
406,DETTOL HAND SANITIZER (200ML) 200ML,0
407,DETTOL HAND SANITIZER (50ML) 50ML,0
408,DETTOL HAND WASH (100ML) 100ML,0
409,DETTOL HAND WASH (675ML) 1PCS,0
410,DETTOL HAND WASH (ORIGINAL) 200ML,0
411,DETTOL HAND WASH (SKIN CARE) 200ML,0
412,DETTOL LIQUID (125ML) 125ML,0
413,DETTOL LIQUID (1LTR) 1LTR,0
414,DETTOL LIQUID (250ML) 250ML,0
415,DETTOL LIQUID (550ML) 550ML,0
416,DETTOL LIQUID (5LTR) 5LTR,0
417,DETTOL LIQUID (60ML) 60ML,0
418,DETTOL SHAVING CREAM 60GM,0
419,DETTOL SOAP (100GM) 1X5,0
420,DETTOL SOAP (125GM) 1X4,0
421,DETTOL SOAP (150GM) 1X4,0
422,DETTOL SOAP (40GM) 1X40GM,0
423,DETTOL SOAP (75GM) (NEW) 1X5,0
424,DETTOL SOAP (75GM) 1X4,0
425,DEXASONE INJ  2ML,0
426,DEXORANGE 60ML DROP PAEDIATRIC 1X60ML,0
427,DEXORANGE SYRUP 200ML 1X200ML,0
428,DIAMOX TAB  1BOX,0
429,DICLOMOL SP TAB 10*10STRIP,0
430,DICLOMOL TAB 10*10STRIP,0
431,DIGECAINE SUP 1PIC,0
432,DIGENE GEL MINT 200ML,0
433,DIGENE GEL ORANGE 200ML,0
434,DIGENE GEL STICK 5X10ML 5*10ML,0
435,CZ3 TAB  1BOX,0
436,DIGENE TAB MINT 15*20STRIP,0
437,DIGENE TAB MIXED FRUIT 15X20STRIPS,0
438,DIGENE TAB ORANGE 15*20STRIP,0
439,DIGERAFT PLUS SYP 150ML,0
440,DIGERAFT SYP 150ML,0
441,DILO DX SYP  1BOX,0
442,DISPRIN-REGULAR TAB 10X12STRIPS,0
443,DISPRIN-SOLUBLE TAB 10X12STRIPS,0
444,DISTACLOR CD 375MG TAB 10*3STRIP,0
445,DISTACLOR CD 750MG TAB 6*1STRIP,0
446,DOLAMIDE TAB 10*20STRIP,0
447,DOLO 250 SYP 1*250ML,0
448,DOLO 500MG TAB 1BOX,0
449,DOLO 650MG TAB 15X32STRIP,0
450,DOLONEX AMP 2ML*45AMP,0
451,DOLONEX DT TAB 15*30STRIP,-32
452,DOMPAN TAB  1BOX,0
453,DORFREE MR 4 TAB 10*10STRIP,0
454,DORFREE MR 8 TAB 10*10STRIP,0
455,DROTIN AMP 2ML*10AMPOULES,0
456,DROTIN DS TAB 15*30STRIP,0
457,DROTIN M TAB 10*25STRIP,0
458,DROTIN PLUS TAB 10*25STRIP,0
459,DROTIN TAB 10*25STRIP,0
460,D-SOL DROP 30ML,0
461,d-sol drop 30ml ,0
462,DUET 228.5DS 30ML*1PCS,0
463,DUET 375MG TAB 10*10STRIP,0
464,DUET 457MG TAB 10*10STRIP,0
465,DUET 625MG TAB 10*10STRIP,0
466,DULCOFLEX ADULT 10REP*3STRIP,0
467,DULCOFLEX CHILD 10REP*3STRIP,0
468,DULCOFLEX TAB 10*45STRIP,-42
469,DUOLIN FORTE ROTACAP 1X30CAP,0
470,DUOLIN INHELAR 200MD*1PCS,0
471,DUOLIN REPSULES 3ML 3ML*40RESPULS,0
472,DUOLIN ROTACAP 60*1PCS,0
473,DUOPIL 2MG TAB 10*10STRIP,0
474,DUOZ RESPULES 8X5,0
475,DUPHALAC 450ML 450ML,0
476,DUPHALAC SYP  (BIG) 250ML,0
477,DUPHALAC SYP  (SMALL) 150ML,0
478,DUPHASTON TAB 10*10STRIP,0
479,DUREX AIR 1X10,0
480,DUREX AIR 1X3,0
481,DUREX EXTRA DOTS 1X10,0
482,DUREX EXTRA DOTS 1X3,0
483,DUREX EXTRA RIBBED 1X10,0
484,DUREX EXTRA RIBBED 1X3,0
485,DUREX EXTRA THIN (BUBBLEGUM) 1X10,0
486,DUREX EXTRA THIN (BUBBLEGUM) 1X3,0
487,DUREX EXTRA THIN (CHOCOLATE) 1X10,0
488,DUREX EXTRA THIN (CHOCOLATE) 1X3,0
489,DUREX EXTRA THIN (FLVRS) 1X9X3,0
490,DUREX EXTRA THIN (STRABERRY) 1X10,0
491,DUREX EXTRA THIN (STRABERRY) 1X3,0
492,DUREX EXTRA THIN 1X10,0
493,DUREX EXTRA THIN 1X3,0
494,DUREX EXTRA TIME 1X10,0
495,DUREX EXTRA TIME 1X3,0
496,DUREX INTENSE 1X10,0
497,DUREX INTENSE 1X3,0
498,DUREX INVISIBLE 1X10,0
499,DUREX INVISIBLE 1X3,0
500,DUREX LUBE (CHERRY) 1X50ML,0
501,DUREX LUBE (GUARANA) 1X200ML,0
502,DUREX LUBE (SENSUAL) 1X200ML,0
503,DUREX LUBE (STRABERRY) 1X50ML,0
504,DUREX MUTUAL CLIMAX 1X10,0
505,DUREX MUTUAL CLIMAX 1X3,0
506,DUREX PLAY VIBRATING RING 1X6,0
507,DUVADILAN INJ.5 MG 2ML*6AMP,0
508,DUVADILAN RETARD 10*10STRIP,0
509,DUVADILAN TAB 50*10STRIP,0
510,DVION PEARL 1X2,0
511,DYDROLADY TAB 1X10,0
512,DYTOR 100MG TAB 10*10STRIP,0
513,DYTOR 10MG TAB 15X100STRIP,0
514,DYTOR 20MG TAB 15*100STRIP,0
515,DYTOR 40MG TAB 10X10STRIP,0
516,DYTOR 5MG TAB 15X30STRIP,0
517,DYTOR INJECTION 2MLX80PCS,0
518,DYTOR PLUS 10 15X60STRIP,0
519,DYTOR PLUS 20 15X60STRIP,0
520,DYTOR PLUS 5 15X60STRIP,0
521,DYTOR PLUS LS 10MG TAB 1X10,0
522,EBONTE-M TAB  BOX,0
523,ECOD OMEGA 30*10CC,0
524,ECOD PLUS 15*10STRIP,0
525,ECONORM POWDER 1BOX,0
526,ECOSPRIN AV 150MG CAP 10X15,0
527,ELECTRAL POWDER 21.8GM,-319
528,ELECTRAL POWDER 35 G,0
529,ELECTROBION ORANGE 1X12,0
530,ELECTRORUSH ORS APPLE 200ML,0
531,ELECTRORUSH ORS ORANGE 200ML,0
532,ELTROXIN  25MG 1X20,0
533,ELTROXIN  50MG 1X20,0
534,ELTROXIN  75MG 1X20,0
535,ELTROXIN 100MG 1*20,0
536,EMESET 2ML 2ML*80AMP,0
537,EMESET 4MG TAB 10X50STRIP,0
538,EMESET 4ML 1X60,0
539,EMESET 8MG TAB 10X20STRIP,0
540,EMESET SYP 30ML*10PCS,0
541,ENDOGEST 200MG CAP 1X10,0
542,ENDOGEST-200 SR TAB 1X10,0
543,ENDOGEST-300 SR TAB 1X10,0
544,ENO BOTTLE 100GM,0
545,ENO CHEWY ORANGE 1X15 1X15,0
546,ENO SACHET 1*12 1 PCS,0
547,ENO SACHET 1*60,0
548,ENTEROGERMINA CAP 4*2STRIP,0
549,ENTEROGERMINA VAIL 5ML*10RESPUL,0
550,ENVITAC GEL  20GM,0
551,EPHEDREX SYP 1SYP,0
552,EPILEX CHRONO 300MG  1BOX,0
553,EPILEX CHRONO 500MG  1BOX,0
554,EPTOIN 100MG 120TAB*1CC,0
555,EPTOIN 300 ER 30TAB*1CC,0
556,EPTOIN 50 MG 150TAB*1CC,0
557,EPTOIN SUSP 200ML*1PCS,0
558,ESGYPYRIN TAB 15*54STRIP,0
559,ESGYPYRIN-DS INJ 3MLX100,0
560,ESOKEM-20MG TAB 15*20STRIP,0
561,ESOKEM-40MG TAB 15*20STRIP,0
562,ESOKEM-D CAP 15*10,0
563,ESOKEM-IT CAP 10*10STRIP,0
564,ESOKEM-L CAP 10X10STRIP,0
565,ESOLEMBIC-D CAP 15X10STRIP,0
566,ETHIDE TAB [BIG] 10X10STRIP,0
567,EUMOSONE M CREAM 15GM 1*10,0
568,EUMOSONE SKIN CREAM 15GMS 1*10,0
569,EVAFOS 8GM 1X1,0
570,EVERYUTH NATULAL GOLDEN 50MG 1 PCS,0
571,EVERYUTH NATURALS SCRUB GOLD25 1 PCS,0
572,EVERYUTH NATURALS SCRUB GOLDEN 1 PCS,0
573,EVERYUTH NATURALS SCRUB-25GM 25MG,0
574,EVERYUTH NATURALS SCRUB-7GM 1PCS,0
575,EVION 200MG CAP 10*10STRIP,0
576,EVION 400MG CAP (NEW) 1X10X20CAP,0
577,EVION 400MG CAP 10*20STRIP,0
578,EVION 600MG CAP 10*5STRIP,0
579,EVION CREAM 60GM,0
580,EVION LC 10*15STRIP,0
581,FAA 20 SUP  1PIC,0
582,FAA 20 TAB  1 BOX,0
583,FAROBACT 200MG TAB (NEW) 1X10,0
584,FAROBACT 200MG TAB 6*10STRIP,0
585,FAROBACT 300MG ER TAB 1X10,0
586,FARONEM SYP 1PCS,0
587,FARORIGHT 200MG TAB 1X10,0
588,FEFOL CAP  1BOX,0
589,FEFOL Z CAP 15*10STRIP,0
590,FEMILON TAB 1X27STRIP,0
591,FERTOMID 25 TAB 10*50STRIP,0
592,FERTOMID 50 TAB 10*50STRIP,0
593,FESOVIT CAP.  1BOX,0
594,FESTAL-N TAB 1X10,0
595,FEXIGRA SUSPENSION 100ML,0
596,FHEAL OVULES  1BOX,0
597,FIGHTOX-ES SYP 50ML,0
598,FLAGYL 200MG 1X40,0
599,FLAGYL 400MG 1X40,0
600,FLAGYL SUP 60ML,0
601,FLEXON MR  1BOX,0
602,FLEXON TAB 1BOX,0
603,FLOMIST NASAL SPRAY 1PCS,0
604,FLOMIST-AZ SPRAY 1PCS,0
605,FLOMIST-F NASAL SPRAY 1PCS,0
606,FLUGESIC-P TAB  BOX,0
607,FLUTIBACT OINT 10GM 1TUBE,0
608,FLUTIVATE CREAM 10GM 1TUBE,0
609,FLUTIVATE E CREAM 30GM PCS,0
610,FLUTIVATE OINT 20GM 1*10,0
611,FLUTIVATE SKIN CREAM 20GM 20GM*1PCS,0
612,FOLVITE ACTIVE CAP 15*10STRIP,0
613,FOLVITE MB TAB 15*10STRIP,0
614,FOLVITE TAB 45*24STRIP,-2257
615,FORACORT 0.5 RESPULES 2ML*20RESPULES,0
616,FORACORT 1 RESPULES 2ML*20RESPULES,0
617,FORACORT 200 INHELAR 1PCS,0
618,FORACORT 200 ROTACAPS 1PCS,0
619,FORACORT 400 INHELAR 1PCS,0
620,FORACORT 400 ROTACAPS 1PCS,0
621,FORACORT FORTE ROTACAP 1PCS,0
622,FORCAN-150MG TAB 4X10STRIP,0
623,FORCAN-150MG TAB 4X30STRIP,0
624,FORISTAL LONTAB TAB 10*10STRIP,0
625,FOSRIUM SACHETS  BOX,0
626,FREEFLEX FORTE 15*1BOX,0
627,FRISIUM 10MG TAB 15*30STRIP,0
628,FRISIUM 20MG TAB 10*5STRIP,0
629,FRISIUM 5MG TAB 15*30STRIP,0
630,FRUSILAC TAB  1BOX,0
631,FULLFORM-200 ROTACAPS 1PCS,0
632,FULLFORM-400 ROTACAPS 1PCS,0
633,FUNGEEHEAL 100 CAP 10*10STRIP,0
634,FUNGEEHEAL 200 CAP 10*10STRIP,0
635,GALVUS 50MG TAB 1X2,0
636,GALVUS MET 50/1000MG TAB 1X6,0
637,GALVUS MET 50/500MG TAB 1X6,0
638,GALVUS MET 50/850MG TAB 1X6,0
639,GANATON 50MG TAB 10*10STRIP,0
640,GANATON TOTAL TAB 10*10STRIP,0
641,GANATON-OD TAB 10*10STRIP,0
642,GARDENAL 30MG TAB 1PCS,0
643,GARDENAL 60MG TAB 1PCS,0
644,GARDENAL SYP 100ML,0
645,GARLIC PEALS 100 1BOX,0
646,GAS O FAST PLUS TAB 1*2,0
647,GAS O FAST SECHET 5 GM,0
648,GAVISCON SUS 150ML,0
649,G-CIN TAB 5*10STRIP,0
650,GELUSIL MPS LIQ-200ML 200ML*1PCS,0
651,GELUSIL MPS LIQUID 400ML 1*400ML,0
652,GELUSIL MPS TAB 15*90STRIP,0
653,GELUSIL MPS XTRA COOL 1X200ML,0
654,GELUSIL RAFT 200ML 200ML,0
655,GENTALENE PLUS 10GM 10GM*1PKT,0
656,GENTALENE PLUS 20GM 20GM*1PAKET,0
657,GENTICYN 20MG VAIL 2ML*80VIALS,0
658,GENTICYN 80MG INJ 2ML*50AMP,0
659,GLUCON-D MANGO 1KG PCS,0
660,GLUCON-D MANGO 75+50GM 1PCS,0
661,GLUCON-D N/P 1KG 1PCS,0
662,GLUCON-D N/P 200GM 1PCS,0
663,GLUCON-D N/P 450GM 1 PCS,0
664,GLUCON-D N/P-JAR 1KG 1KG 1KG,0
665,GLUCON-D O/R SACHET 1 BOX,0
666,GLUCON-D ORANGE 1KG 1PCS,0
667,GLUCON-D ORANGE 200GM 1PCS,0
668,GLUCON-D ORANGE 450GM 1PCS,0
669,GLUCON-D ORANGE 75+50GM 1PCS,0
670,GLUCON-D R/G JAR 1KG 1KG,0
671,GLUCON-D REGULAR 1KG 1PCS,0
672,GLUCON-D REGULAR 200GM 1PCS,0
673,GLUCON-D REGULAR 450+50GM 1PCS,0
674,GLUCON-D REGULAR 75+50GM 1PCS,0
675,GLUCON-D REGULAR JAR 450+50GM 1PCS,0
676,GLUCON-D STRAWBERRY JAR PCS,0
677,GLUCONORM G 1 15*10STRIP,0
678,GLUCONORM G 2 15*10STRIP,0
679,GLUCONORM G 3 15*10STRIP,0
680,GLUCONORM G 4 15*10STRIP,0
681,GLUCONORM G1 FORTE 15*10STRIP,0
682,GLUCONORM G2 FORTE 15*10STRIP,0
683,GLUCONORM G3 FORTE 15*10STRIP,0
684,GLUCONORM G4 FORTE 15*10STRIP,0
685,GLUCONORM SR 1GM 15*10STRIP,0
686,GLUCONORM SR 500MG 15*10STRIP,0
687,GLUFORMIN-G1 TAB 15*20STRIP,0
688,GLUFORMIN-G2 TAB 15*20STRIP,0
689,GLYCIGON 80MG TAB 10*10STRIP,0
690,GLYCIGON-M SR TAB 10*10STRIP,0
691,GLYCIGON-M TAB 10*10STRIP,0
692,GLYCIPHAGE SR 1GM TAB 10*10STRIP,0
693,GLYCIPHAGE SR 500MG TAB 10*10STRIP,0
694,GLYCOHALE FB INHALER 1PCS,0
695,GLYCOHALE RESPULES 1X28,0
696,GLYCOHALE-FB ROTACAPS 3X10,0
697,GRAMOGYL SYP 60ML,0
698,GRAMOGYL TAB 10X20STRIP,0
699,GRISOVIN-FP TAB 10*21STRIP,0
700,HADENSA CAP 10 STRIPS,0
701,HADENSA OINT (40GM) 40GM 1X40GM,0
702,HADENSA OINT 20MG 20GM,0
703,HAEMACCEL IV 500ML*1PCS,0
704,HARPIC TOILET CLEANER 200ML,0
705,HEMPUSHPA SYP 170ML,0
706,HEPAMARZ TAB 10*10STRIP,0
707,HEPAMERZ GRANULES 5GM*10SACHETS,0
708,HEPAMERZ INJ 1BOX,0
709,HEPAMERZ SYP 100ML,0
710,HEPATOGLOBINE SYP 300ML,0
711,HERMIN IV  1PCS,0
712,HETRAZAN 100MG TAB 30*45STRIP,0
713,HISTAC 150MG TAB 1X25,0
714,HISTAC 300MG TAB 1X30,0
715,HUF PUF KIT 1X1,0
716,HYDENT-K PASTE 100GM,0
717,HYDENT-PRO PASTE 1X70GM,0
718,HYPERNEB RESPULES (NEW) 1X60,0
719,HYPERNEB RESPULES 1X49,0
720,IBO-HP DESKJET 2331 1PCS,0
721,IBUGESIC PLUS  60ML 1*30,0
722,IBUGESIC PLUS 100ML 1*30,0
723,IBUGESIC PLUS TAB 20X50STRIP,-176
724,IBUGESIC-RTU IV 1X100ML,0
725,I-KUL EYE DROP 10ML 1X10ML,0
726,INDERAL 10MG 15*40STRIP,0
727,INDERAL 40MG 15*40STRIP,0
728,INSMAN RAPID 1PCS,0
729,INSUMAN COMB 25 1PCS,0
730,INSUMAN COMB 50 CARTRDG  1BOX,0
731,IODEX BALM  4GM 1X12 4GM,0
732,IODEX BALM 16GM 1X24 16GM,0
733,IODEX BALM 40MG 1X12 40GM,0
734,IODEX BALM 8GM 1X24 8GM,0
735,IODEX ULTRA 30GM 1 PCS,0
736,IODEX ULTRA GEL 15GM 1 PCS,0
737,ITCH GUARD PLUS (20GM) 1X20GMP 1*20GM,0
738,ITCH GUARD PLUS CREAM [12GM] 12GM,0
739,ITCH GUARD PLUS CREAM [5GM] 5GM,0
740,ITRAZOLE 100 CAPS 10*10STRIP,0
741,ITRAZOLE 200 CAPS 10*10STRIP,0
742,IVARSIL 12 TAB 10*10STRIP,0
743,KEFLOR DROP PCS,0
744,KEFLOR SUSPENSION PCS,0
745,KENACORT 1% OINT PCS,0
746,KENACORT 40MG TAB 10*10STRIP,0
747,KENACORT VIAL 1BOX,0
748,KETOROL - DT 1X15TA,0
749,KETOROL DT TAB  1BOX,0
750,KIDODENT PAST 75GM 1PCS,0
751,KNEE CAP-L(BLACK) 1*1,0
752,KNEE CAP-M(BLACK) 1*1,0
753,KNEE CAP-S (BLACK) 1*1,0
754,KNEE CAP-XL(BLACK) 1*1,0
755,KNEE CAP-XXL(BLACK) 1*1,0
756,KRACK HEEL CREAM 15GM 1PCS,0
757,KRACK HEEL CREAM 25GM 1PCS,0
758,LACTODEX FOLLOW-UP-2 500GM,0
759,LACTODEX PREMIUM-1 400GM,0
760,LACTODEX STARTER-1 200GM,0
761,LACTODEX STARTER-1 450GM,0
762,LACTODEX-LBW 400GM,0
763,LANOXIN TAB. 10X25STRIP,0
764,LANTUS 10ML VIAL  PCS,0
765,LANTUS CARTRIDGE 3ML*5CARTRIDGE,0
766,LANTUS U100 SOLOSTAR 1PCS,0
767,LANZOL JUNIOR 15 15X8STRIP,0
768,LANZOL JUNIOR 30 10X6STRIP,0
769,LASILACTONE 50MG 10*10STRIP,0
770,LASIX INJ [4ML] 4MLX10AMP,0
771,LASIX TAB 15*80STRIP,0
772,LAVETA 5MG TAB 10*15STRIP,0
773,LAVETA M TAB 10*10STRIP,0
774,L-CIN 250MG TAB 10*10STRIP,0
775,L-CIN 500MG TAB 10*10STRIP,0
776,L-CIN 750MG TAB 10*10STRIP,0
777,L-CIN OZ SYP [60ML] PCS,0
778,L-CIN OZ TAB 10*10STRIP,0
779,L-CIN SYP 1BOTTA,0
780,L-CIN-IV 100ML 1PCS,0
781,LEFUTOID 10MG TAB 10*10STRIP,0
782,LEFUTOID 20MG TAB 10*10STRIP,0
783,LEVOFLOX 500MG TAB 10X40STRIP,0
784,LEVOFLOX 750MG TAB 1X10,0
785,LEVOLIN 0.31MG RESPULES 1X40,0
786,LEVOLIN 0.63MG 2.5ML 1X5RESPULES,0
787,L-FOLININE TAB 10X15,0
788,LIBRAX TAB 20*20STRIP,0
789,LICHENSA OINT 20MG 1 PCS,0
790,LIDONAIR SPRAY 1X1,0
791,LIGNOX 2% 30ML,0
792,LIMCEE ACTIVE,0
793,LIMCEE GUMMIES 1PCS,0
794,LIMCEE TAB 15*30STRIP,0
795,LINACIP 5 TAB 10X15,0
796,LIV 52 DS 60TAB 1X60TA,0
797,LIV 52 SYP 100ML 1X100ML,0
798,LIV 52 SYP 200ML 1X200ML,0
799,LIV 52 TAB 1X100T,0
800,LIVFIT DROP 1DROP,0
801,LIVFIT SYP 1SYP,0
802,LIVFIT TAB. 1BOX,0
803,LIVOGEN CAP 15*30STRIP,0
804,LIVOGEN SYP 200ML,0
805,LIVOGEN XT TAB 10*3STRIP,0
806,LIVOGEN Z CAP 15*30STRIP,0
807,LOBATE-GM CREAM 10GM 10GM,0
808,LOBATE-GM CREAM 20GM 20GM,0
809,LOBATE-GM NEO LOTION 25ML,0
810,LOBATE-M CREAM 1PCS,0
811,LOOZ SYRUP 240ML 1X240ML,0
812,LOXOF 250MG TAB 10*10STRIP,0
813,LOXOF 500MG TAB 10*10STRIP,0
814,LOXOF 750MG TAB 10*10STRIP,0
815,LOXOF INFUSION 1X100ML,0
816,LOXOF OZ TAB 10*4STRIP,0
817,LULIFIGHT 20GM CREAM  1PCS,0
818,LUMBAR SACRO BELT-L 1,0
819,LUMBAR SACRO BELT-XL 1,0
820,LUPI-FSH 150 1PCS,0
821,LUPI-FSH 75 1PCS,0
822,LUPIGEST 300MG  BOX,0
823,LUPIGEST 400MG CAP  1BOX,0
824,LUPIGEST SR 200MG 1PCS,0
825,LUPIGEST SR 300MG  1BOX,0
826,LUPIGEST-100 1PCS,0
827,LUPIGEST-200  1BOX,0
828,LUPIGUT CAP  1BOX,0
829,LUPI-HCG 10000 1PCS,0
830,LUPI-HCG 2000 1PCS,0
831,LUPI-HCG 5000 1PCS,0
832,LUPI-HCG HP 5000 1PCS,0
833,LUPI-HMG 150 1PCS,0
834,LUPI-HMG 75 1PCS,0
835,LUPIHOPE TAB 10X1,0
836,LUPILA 10MG TAB 10*10STRIP,0
837,LUPILA D CAP 10*10STRIP,0
838,LUPITUSS 100ML 1ML*1PCS,0
839,LUPITUSS CPM SYP 100ML,0
840,LUPITUSS-LS SYP  PCS,0
841,LUPIZOL CREAM  PCS,0
842,LUPIZOL ZS LOTION  PCS,0
843,LUPOXA 200 1PCS,0
844,LUPOXA OD TAB  1BOX,0
845,MAGADOL SYP 1X60ML,0
846,MAGADOL TAB 10*30STRIP,0
847,MAGNAMYCINE 1G INJ 1VAIL,0
848,MAGNEX 1GM INJ 1X1,0
849,MANFORCE 100MG TAB 1*4TAB,0
850,MANFORCE 50MG TAB 1*9TAB,0
851,MANFORCE STAYLONG TAB 1X4,0
852,MAXIFLO 100 ROTACAPS 30CAP*1PCS,0
853,MAXIFLO 250 INHALER 1X120MD,0
854,MAXIFLO 250 ROTACAPS 30CAP*1PCS,0
855,MAXIFLO FORTE ROTACAPS 30CAP*1PCS,0
856,MCIN TAB 5*20STRIP,0
857,MEDICREME OINT  1TUBE,0
858,MEDROL 16MG 14*1STRIP,0
859,MEDROL 4MG 10*10STRIP,0
860,MEDROL 8MG 14*1STRIP,0
861,MEFTAL SPAS TAB 10,0
862,MEGA FREEFLEX TAB 10X3STRIP,0
863,MEGAPEN CAP.  1BOX,0
864,MELACARE CREAM  1PIS,0
865,METACIN TAB. 15*30STRIP,0
866,METOLAR XR 100MG TAB 1X10,0
867,METOLAR XR 12.5MG TAB 1X30,0
868,METOLAR XR 25MG TAB 15*30STRIP,0
869,METOLAR XR 50MG TAB 15*30STRIP,0
870,METROGYL 200MG TAB 15*90STRIP,0
871,METROGYL 400MG TAB 15*90STRIP,0
872,METROGYL IV 100ML 1X14,0
873,MIKACIN 100MG INJ 1INJ,0
874,MIKACIN 250MG INJ  1INJ,0
875,MIKACIN 500MG INJ  1INJ,0
876,MINIPRESS XL 2.5MG 30*10STRIP,0
877,MINIPRESS XL 5MG 30*10STRIP,0
878,MISOPROST 200MG TAB 1X20,0
879,MISOPROST 600MG TAB 1X20,0
880,MOBIZOX TAB 10*20STRIP,0
881,MOMLAP DIAPER RASH CREAM  PCS,0
882,MOMLAP GENTLE BODY WASH  PCS,0
883,MOMLAP MASSAGE OIL  PCS,0
884,MOMLAP MOISTURIZING SOAP  PCS,0
885,MOMLAP NOURISHING CREAM  PCS,0
886,MONOCEF 1GM 1VIAL,0
887,MONOCEF 250MG 1VIAL,0
888,MONOCEF 500MG 1VIAL,0
889,MONOCEF O 200MG TAB 1BOX,0
890,MONOCEF O 200MG TAB 1X10,0
891,MONOCEF O(50)SYRUP 1*30ML,-40
892,MONTAIR 10MG TAB 1X15,0
893,MONTAIR AB TAB 1X10,0
894,MONTAIR LC KID SYP 1X60ML,0
895,MONTAIR LC KID TAB 10*10STRIP,0
896,MONTAIR LC TAB 15*12STRIP,0
897,MONTAIR PLUS TAB 1X10,0
898,MONTAIR-FX TAB 1X10,0
899,MONTEK-FX TAB 10*10STRIP,0
900,MONTEK-FX TAB 10X15,0
901,MOOV ACTIVE SPRAY (15GM) 15GM,0
902,MOOV ACTIVE SPRAY (35GM) 35GM,0
903,MOOV ACTIVE SPRAY (50GM) 50GM,0
904,MOOV ACTIVE SPRAY (80GM) 80GM,0
905,MOOV COOL SPRAY 15GM,0
906,MOOV CREAM 10GM PCS,0
907,MOOV CREAM 15GM 1X12,0
908,MOOV CREAM 20GM 1X12,0
909,MOOV CREAM 30GM 30GM,0
910,MOOV CREAM 4GM 4GM,0
911,MOOV CREAM 50GM PCS,0
912,MOOV OINT 75GM 1X75GM,0
913,MOOV STRONG GEL 1X15GM,0
914,MOVICOL LIQUID 200ML,0
915,MOVICOL PAEDIATRIC 1X3,0
916,MOVICOL POWDER PCS,0
917,MOVNWAK  1BOX,0
918,MOX 125 KID. 15*30STRIP,0
919,MOX 250 CAP. 10*30STRIP,0
920,MOX 250 KID. 15*30STRIP,0
921,MOX 500 CAP. 10*30STRIP,0
922,MOX 500 INJ 1PCS,0
923,MOX CV 625MG TB 10*10STRIP,0
924,MOX SYP. 1SYP.,0
925,MOXCLAV 375MG TAB 1X5,0
926,MOXCLAV 625MG TAB 10*10STRIP,0
927,MOXCLAV BD DISTEB 1X10,0
928,MOXCLAV BD SUSPENSION 1PIC,0
929,MOXCLAV DROP 1X10ML,0
930,MOXCLAV DS SUS 1X30ML,0
931,MOXCLAV DS-CP SUS 30ML,0
932,MOXCLAV-ES SUS 1X50ML,0
933,MOXICIP EYE DROP 5ML,0
934,MUCAINE GEL MINT 200ML*1PCS,0
935,MUCAINE GEL ORANGE 200ML*1PCS,0
936,MUCINAC 600MG TAB 10*10STRIP,0
937,MULTIVITE CD  BOX,0
938,MULTIVITE FM CAP 30CAP*10CC,0
939,MULTIVITE GOLD 15CAP*2STRIP,0
940,MULTIVITE WOMAN 15CAP*4STRIP,0
941,MYORIL 4 CAP 10*10STRIP,0
942,MYORIL 8 CAP 10*10STRIP,0
943,MYORIL INJ 1PCS,0
944,MYOSPAS-D TAB 10*5STRIP,0
945,MYOSPAS-ET 4 TAB 10*5STRIP,0
946,MYOSPAS-TH4 TAB  1BOX,0
947,MYOSPAZ FORTE TAB 1XBOX,0
948,NASIVION (M) BABY DROP 10ML*1PCS,0
949,NASIVION (S) DROP 10ML,0
950,NASIVION CLASSIC (ADULT) 10ML*1PCS,0
951,NASIVION NASAL DROP (ADULT) 10ML,-427
952,NASIVION NASAL DROP (CHILD) 10ML*1PCS,0
953,NEBASULF POWDER 1PCS,0
954,NEERI TAB 30*10STRIP,0
955,NEKSIUM 20MG TAB 10X15STRIP,0
956,NEKSIUM 40MG TAB 15X10STRIP,0
957,NEKSIUM-D 40MG CAP 10*10STRIP,0
958,NEKSIUM-D 40MG CAP 15X10STRIPS,0
959,NEOGADINE ELIXIR 300ML 1PCS,0
960,NEOGADINE SG 300ML 300ML,0
961,NEO-MERCAZOLE 10MG TAB 1PCS,0
962,NEO-MERCAZOLE 20MG TAB 1PCS,0
963,NEO-MERCAZOLE 5MG TAB 1PCS,0
964,NEOPEPTINE DROP 15ML,0
965,NEOPEPTINE LIQUID 100ML 100ML,0
966,NEOPEPTINE LIQUID 60ML 1PCS,0
967,NEOSPORIN H DROP 1PIC,0
968,NEOSPORIN H OINT 5GM*20PCS,0
969,NEOSPORIN OINT 10GM 10GM*20PCS,0
970,NEOSPORIN POWDER 10*1PCS,0
971,NEOSPORIN SKIN OIN 1TUBE,0
972,NEUROBION ALFA D3 TAB 1X3,0
973,NEUROBION FORTE ING 2ML*70AMP,0
974,NEUROBION FORTE INJ (NEW) 2ML*90AMP,0
975,NEUROBION FORTE TAB (NEW) 30X30STRIP,0
976,NEUROBION PLUS TAB 10*10STRIP,0
977,NEVIA BODY LOTION 50ML,0
978,NEW ELECTROBION POWDER 1X21GM,0
979,NEW RXPLUS 1X15,0
980,NICARDIA RETARD 10MG 15*16STRIP,0
981,NICARDIA RETARD 20MG 15*16STRIP,0
982,NICOTEX FRUIT BURST 2MG 1X9,0
983,NICOTEX FRUIT BURST 4MG 1X9,0
984,NICOTEX MINT PLUS 2MG 1X12PCS,0
985,NICOTEX MINT PLUS 2MG 1X18,0
986,NICOTEX MINT PLUS 2MG 1X9,0
987,NICOTEX MINT PLUS 4MG 1X18,0
988,NICOTEX ULTRA MINT 2MG 1X9,0
989,NICOTEX ULTRA MINT 4MG 1X9,0
990,NICOTEX-2 (TIN-MINT PLUS) 25GUMS*1CC,0
991,NICOTEX-2(TIN-MINT PLUS) 29GUMS*1CC,0
992,NICOTEX-4(TIN-MINT PLUS) 29GUMS*1CC,0
993,NORFLOX 200MG TAB 10*70STRIP,0
994,NORFLOX 400MG TAB 1X60STRIP,0
995,NORFLOX EYE/EAR DROPS 10ML 1*50,0
996,NORFLOX TZ TAB 10*40STRIP,0
997,NOVALGIN NU TAB 10*20STRIP,0
998,NOVAMOX 125 DT 15*10STRIP,0
999,NOVAMOX 250 CAP 50 STRIPS,0
1000,NOVAMOX 250 DT 15*10STRIP,0
1001,NOVAMOX 250MG CAP 15*50STRIP,0
1002,NOVAMOX 500MG CAP 15X40STRIP,0
1003,NOVAMOX CV 625 10X10STRIP,0
1004,NOVAMOX DROPS 10ML*1PCS,0
1005,NOVAMOX SUP 30ML 1PIC,0
1006,NOVELON TAB 1X21TAB,0
1007,NUSOWIN ADULT POWDER 200GM*1PCS,-2
1008,NUSOWIN CHILD POWDER 200GM*1PCS,0
1009,NUSOWIN MOTHER 200GM*1PCS,0
1010,NUTROLIN B CAP 15*30STRIP,0
1011,NUTROLIN B SYRUP 1PCS,0
1012,NUTROLIN B TAB (NEW) 1X10,0
1013,NUTROLIN B TAB 10*10STRIP,0
1014,NYCIL CLASSIC 150+50GM 1,0
1015,NYCIL CLASSIC 40+10 GM 1 PCS,0
1016,NYCIL COOL CLASSIC 150+50GM,0
1017,NYCIL COOL GULABJAL JAR 1BOX*25PCS,0
1018,NYCIL COOL HERBAL JAR 1BOX*25PCS,0
1019,OCID 20MG CAP 1X20CA,0
1020,OFLOX 200MG TAB 1*50,0
1021,OFLOX OZ TAB 1X10,0
1022,OFRAMAX 1GM VIAL 1VIAL,0
1023,OFRAMAX FORT VIAL 1PCS,0
1024,OILATUM BAR 100GM  1PCS,0
1025,OILATUM BAR 50GM  1 BAR,0
1026,OILATUM CREAM 40GM 1CREAM,0
1027,OILATUM EMOLLIENT 100ML  1PCS,0
1028,OILATUM LOTION 100ML 1LOTIO,0
1029,ONDEM MD 4MG TAB 1X10TA,0
1030,ONDEM SYRUP 30ML 1X30ML,0
1031,ONDERO MET 2.5/1000 10*10,0
1032,ONDERO MET 2.5/500 10*10,0
1033,ONDERO MET 2.5/850 TAB 1X10,0
1034,ONDERO TAB 5MG 10*10,0
1035,OSTOCALCIUM -300 SYP 200ML 1 PCS,0
1036,OSTOCALCIUM SUSPENSION 200ML 1 PCS,0
1037,OSTOCALCIUM TAB,0
1038,OSTO-POLYBION SYP 200ML,0
1039,OSTO-POLYBION SYP 300ML,0
1040,OTRIVIN ADULT DROP 10ML 1 PCS,0
1041,OTRIVIN ADULT DROP 10ML 1 PCS,0
1042,OTRIVIN BABY SALINE 10ML 1 PCS,0
1043,OTRIVIN PAEDIATRIC 10ML 1 PCS,0
1044,OVRAL-G TAB 20*20STRIP,0
1045,OVRAL-L TAB 21*20STRIP,0
1046,OXYTETRACYCLINE INJ 20ML,0
1047,P2I D CAP 10*10STRIP,0
1048,P2I TAB 10*10STRIP,0
1049,PACITANE TAB. 30*80STRIP,0
1050,PAN 40MG TAB 20X10,0
1051,PAN-D CAP 10*10,0
1052,PANKREOFLAT HD TAB 10*10STRIP,0
1053,PANKREOFLAT SYP 1X100ML,0
1054,PANKREOFLAT TAB 15*10STRIP,0
1055,PANSEC 40 TAB 10X15,0
1056,PANSEC L CAP 10X10,0
1057,PANTOP 40 MG TAB  1BOX,0
1058,PANTOP D CAP 1BOX,0
1059,PANTOP DSR CAP 15 CAP,0
1060,PANTOP IV  1 PCS,0
1061,PARACHUTE HAIR OIL 100ML,0
1062,PARAXIN 250MG CAP 10X40STRIP,0
1063,PARAXIN 500MG CAP 10X30STRIP,0
1064,PARAXIN SYP 100ML,0
1065,PARIHEP 40INJ 1PCS,0
1066,PARODONTAX PAST PCS,0
1067,PENIDURE LA 12 1.5ML*5VAIL,100
1068,PENIDURE LA 6 1.5ML*5VAIL,0
1069,PENTID 200MG 10*20STRIP,0
1070,PENTID 400MG 10*20STRIP,0
1071,PENTID 800MG 10*15STRIP,0
1072,PEPFIZ TAB 2*25STRIP,0
1073,PHENOBARBITONE INJ 1X6AMP,0
1074,PHEXIN 250MG 10*10STRIP,0
1075,PHEXIN 500MG 10*10STRIP,0
1076,PHEXIN BD 375MG 10X10STRIP,0
1077,PHEXIN BD 750MG 10*10STRIP,0
1078,PHEXIN DROP 1PCS,0
1079,PHEXIN KID TAB 10*10STRIP,0
1080,PHEXIN SYP. 1PCS,0
1081,PHLOGAM TAB 1X18STRIP,0
1082,PHYSIOGEL 50ML 1PCS,0
1083,PHYSIOGEL CLEANSER 150ML,0
1084,PHYSIOGEL CREEM 50GM 1PCS,0
1085,PHYSIOGEL LOTION 100ML 1PCS,0
1086,PIPZO 4.5GM  1VIAL,0
1087,PIRITON CS SYP 100ML*1PCS,0
1088,PIRITON EXP 100ML 100ML*1PCS,0
1089,PIRITON EXP 460ML 1PCS,0
1090,PLACENTREX AMP.  1BOX,0
1091,PLAVIX 75MG TAB 1X10,0
1092,POLYBION ACTIVE 100ML 100ML,0
1093,POLYBION ACTIVE 150ML 150ML,0
1094,POLYBION ACTIVE 250ML 250ML,0
1095,POLYBION ACTIVE 300ML 300ML,0
1096,POLYBION-A INJ 1X50X2ML,0
1097,POLYBION-CZS TAB 1X30TAB,0
1098,POLYBION-LC SYP 100ML 100ML,0
1099,POLYBION-LC SYP 150ML 150ML,0
1100,POLYBION-LC SYP 250ML 250ML,0
1101,POLYBION-LC SYP 300ML 300ML,0
1102,POLYBION-SF SYP (100ML) 100ML,0
1103,POLYBION-SF SYP (250ML) 250ML,0
1104,PREGA NEWS 1,0
1105,PREGNIDOXIN TAB 30*10STRIP,0
1106,PREMARIN 0.625MG TAB 28*10STRIP,0
1107,PRESERVGEST SR 200MG 15*10STRIP,0
1108,PRESERVGEST SR 300MG 15*10STRIP,0
1109,PRIMOSA  500MG CAP 15*4STRIP,0
1110,PRIMOSA 1000MG CAP 15*4STRIP,0
1111,PROCTOSEDYL BD CREAM 1PCS,0
1112,PROHANCE JUNIOR CHOCO. 200GM 1PCS,0
1113,PROHANCE JUNIOR CHOCO. 400GM 1PCS,0
1114,PROLUTON DEP 500MG  1BOX,0
1115,PROTHIADEN 25MG 15*30STRIP,0
1116,PROTHIADEN 50MG 10*10STRIP,0
1117,PROTHIADEN 75MG 15*30STRIP,0
1118,PROTHIADEN M 50MG 15*10STRIP,0
1119,PROTHIADEN M 75MG 15*10STRIP,0
1120,PROTINEX MOTHER CHOCOLATE 250G 250GM,0
1121,PROTINEX MOTHER VANILA 250GM 250GM,0
1122,PROTINEX VANILA 250 GM 250GM,0
1123,PROTUSSA 60ML 60ML*1PCS,0
1124,PUBERGEN HP 5000INJ  PCS,0
1125,PYZINA  500MG TAB 10*12STRIP,0
1126,PYZINA  750MG TAB 10*12STRIP,0
1127,PYZINA 1000MG TAB 10*12STRIP,0
1128,PYZINA KID TAB 10*12STRIP,0
1129,QUADRIDERM CREAM [10GM] 1*12,0
1130,QUADRIDERM CREAM [5GM] 1BOX*12PIC,0
1131,RABICIP-D CAP 1X15,0
1132,RABIPUR VIAL  1BOX,0
1133,RABLET-D CAP  1BOX,0
1134,RACIPER 40MG TAB 15*10STRIP,0
1135,RACIPER D CAP 15*10STRIP,0
1136,RAMIPRES 5 TAB 10*10STRIP,0
1137,RANTAC 150MG TAB 30*50STRIP,0
1138,RASAYANVATI TAB 1X30 1*30,0
1139,RAZO 20 MG TAB  1BOX,0
1140,RB TONE CAP 15X10STRIP,0
1141,RB TONE SYP 1PCS,0
1142,RCIN 150MG 10*10STRIP,0
1143,RCIN 300MG 10*10STRIP,0
1144,RCIN 450MG 10*10STRIP,0
1145,RCIN 600MG 3*30STRIP,0
1146,RCIN SUSP 200ML 200ML*1PCS,0
1147,RCINEX 600 3*60STRIP,0
1148,RCINEX CAP 10*12STRIP,0
1149,RCINEX KID TAB 10*10STRIP,0
1150,RCINEX Z 2*50STRIP,0
1151,RCINEX Z KID 10*10STRIP,0
1152,RCINEX-E CAP 6*10STRIP,0
1153,RCINEX-EZ CAP 6*10STRIP,0
1154,REFRESH TEARS EYE DROP 10ML,0
1155,REFZIL O ORAL DROP 50ML 1DROP,0
1156,REFZIL O SUS 125MG PCS,0
1157,REFZIL O SUS 250MG PCS,0
1158,RESTECLIN 250MG CAP (NEW) 10X30STRIPS,0
1159,RESTECLIN 250MG CAP 10*10STRIP,0
1160,RESTECLIN 500MG CAP 1X30,0
1161,REVITAL H CAP 30MG 1 PCS,0
1162,REVITAL H CAP STRIP 1X10X10,0
1163,REVITAL H STRIP (NEW) 12*10,0
1164,REVITAL WOMAN TAB (NEW) 1X10,0
1165,REVITAL WOMAN TAB 10.S 10*3STRIP,0
1166,REVITAL WOMAN TAB 30^S 1CC,0
1167,REVOLIZER 1PCS 1,0
1168,REXIDIN M FORTE GEL 1PCS,0
1169,REXIDIN PLUS MOUTH WASH 150ML,0
1170,REZ-Q SYP PCS,0
1171,RIBUTIN TAB 6*10STRIP,0
1172,RICONIA SILVER LP TAB 15*10STRIP,0
1173,RICONIA SYP 200ML,0
1174,RICONIA-G CAP 10*10STRIP,0
1175,RICONIA-LP TAB 30*6CC,0
1176,RILIGOL INJECTION 1X1ML,0
1177,RING GAURD CREAM (12GM) 12GM,0
1178,RING GAURD CREAM (5GM) 5GM,0
1179,RINIZIDE-FORTE-DT 10*10STRIP,0
1180,ROLES-20MG TAB 15*10STRIP,0
1181,ROLES-D CAP BOX,0
1182,ROSCILLIN 500MG INJ 1PCS,0
1183,ROSCILLION 250MG CAP 8*30STRIP,0
1184,ROSCILLION 500MG CAP 8*30STRIP,0
1185,ROTAHALER 1PIC,0
1186,ROUND OFF  PCS,0
1187,ROXID 150MG TAB 10*30STRIP,0
1188,ROXID 300MG TAB 10*12STRIP,0
1189,ROXID 75MG TAB 10*10STRIP,0
1190,ROXID DROP 1DP,0
1191,ROXID KID 10*25STRIP,0
1192,ROXID M TAB 10*10STRIP,0
1193,ROXID SYP 60ML PCS,0
1194,RXPLUS TAB 1X15,0
1195,SANOXABAN 2.5MG TAB 1X10,0
1196,SANOXABAN 5MG TAB 1X10,0
1197,SARIDON TAB 22X10,0
1198,SATROGYL-300 MG  1BOX,0
1199,SATROGYL-O TAB  1BOX,0
1200,SAVLON LIQUID HANDWASH 200ML,0
1201,SEACOD CAP 100CAP*1CC,0
1202,SEACOD OIL 60ML 60ML*1CC,0
1203,SECNIL FORTE 2*8STRIP,0
1204,SEMI AMARYL 0.5MG TAB 30*10STRIP,0
1205,SEMI AMARYL-M  TAB 1X10,0
1206,SENOLIN-SF PAST 50GM,0
1207,SENSODENT K 120GM 1X10PCS,0
1208,SENSODENT K 60GM 1X10PCS,0
1209,SENSODENT K PLUS PAST 100GM,0
1210,SENSODENT KF 125GM 1X20PCS,0
1211,SENSODENT KF 75 GM 1X10PCS,0
1212,SENSODYNE BRUS (1*3) PCS 1X3PCS,0
1213,SENSODYNE BRUS (1*6) PCS,0
1214,SENSODYNE BRUSH (1*12) PCS 1X12PCS,0
1215,SENSODYNE GEL 150GM 150GM,0
1216,SENSODYNE GEL 40GM,0
1217,SENSODYNE GEL 75MG 75GM,0
1218,SENSODYNE M/W 100ML 100ML,0
1219,SENSODYNE MINT 150MG 150MG,0
1220,SENSODYNE MINT 40MG 40MG,0
1221,SENSODYNE MINT 75GM 75GM,0
1222,SENSODYNE MINT 75MG 75MG,0
1223,SENSODYNE RAPID 40MG 40MG,0
1224,SENSODYNE RAPID 80MG 80MG,0
1225,SENSODYNE REPAIR 100MG 100MG,0
1226,SENSODYNE REPAIR 70MG 70MG,0
1227,SENSODYNE REPID 80MG 80MG,0
1228,SENSOFORM 120GM PAST 1PCS,0
1229,SENSOFORM 60GM PAST 1PCS,0
1230,SENSOFORM PAINT 20ML,0
1231,SEPMAX TAB  1BOX,0
1232,HEMPUSHPA SYP 170ML,0
1233,SEPTRAN DS TAB 10*30STRIP,0
1234,SEPTRAN PLUS TAB 10*30STRIP,0
1235,SEPTRAN SYP 1PIES,0
1236,SEPTRAN TAB 10*30STRIP,0
1237,SERETIDE ACCUHALER 50/250 1X1,0
1238,SERETIDE ACCUHALER 50/500 1X1,0
1239,SEVENSEAS CAP 100CAP*1CC,0
1240,SHARKAFEROL SYP. 450GM*1PCS,0
1241,SIGNOFLAM TAB  1BOX,0
1242,SILOFAST 8MG CAP 1X10,0
1243,SILOFAST-D8 TAB 1X10,0
1244,SILOFAST-M 25MG TAB 1X10,0
1245,SILOFAST-M 50MG TAB 1X10,0
1246,SILVERAX-SSD CREAM 10GM,0
1247,SILVEREX 10GM 1PCS,0
1248,SILVEREX 20GM 1PCS,0
1249,SILVEREX HEAL CREAM 10GM,0
1250,SILVEREX JAR 1JAR,0
1251,SILVEREX SSD CREAM 240GM,0
1252,SIOTONE CAP 10*10STRIP,0
1253,SM FIBRO CAP 1X2STRIPS,0
1254,SOFRADEX F CREAM 1X10GM,0
1255,SOFRAMYCIN OINT  30GM 1*30GM,0
1256,SOFRAMYCIN OINT 100GM 1*100GM,0
1257,SOLFE TAB 10*15,0
1258,SOLFE-FCM INJ 10ML,0
1259,SOLIAN 100MG TAB BOX,0
1260,SOLIAN 200MG TAB 1X10,0
1261,SOLIAN 400MG TAB 1X10,0
1262,SOLIAN 50MG TAB 1X10,0
1263,SOLU-MEDROL 125MG INJ 2ML*1VAIL,0
1264,SOLU-MEDROL 1GM INJ 8ML*1VAIL,0
1265,SOLU-MEDROL 500MG INJ 4ML*1VAIL,0
1266,SOLVIN COLD TAB 1*10,0
1267,SOS CREAM 1PKT,0
1268,SOS JAR 1PCS,0
1269,SPORIDEX 125 KID 10*10STRIP,0
1270,SPORIDEX 250 KID 10*10STRIP,0
1271,SPORIDEX 250MG CAP 10*24STRIP,0
1272,SPORIDEX 500MG CAP 10*24STRIP,0
1273,SPORIDEX DROP 1PCS,0
1274,SPORIDEX SYP 1PCS,0
1275,SPORLAC DS TAB 20*30STRIP,0
1276,SPORLAC POWDER 1GM*25SACHETS,0
1277,STEMIN FORT TAB 10*50STRIP,0
1278,STILNOCT 12.5MG TAB 1X1,0
1279,STILNOCT 6.25MG TAB BOX,0
1280,STREPSILS GINGAR JAR 8*36,0
1281,STREPSILS GINGER (BIG JAR) 1X28,0
1282,STREPSILS GINGER (SMALL JAR) 1X16,0
1283,STREPSILS ORANGE (BIG JAR) 1X28,0
1284,STREPSILS ORANGE (SMALL JAR) 1X13,0
1285,STREPSILS ORANGE JAR [SMALL] 8*16STRIP,0
1286,STREPSILS ORANGE JAR 8*36,0
1287,STREPSILS SUGARFREE (JAR) 1X7,0
1288,SUGAR FREE GOLD 300PIL 1X300PIL,0
1289,SUGAR FREE GOLD 500PIL 500PIL,0
1290,SUGAR FREE GOLD 50PIL 50PIL,0
1291,SUGAR FREE GOLD PELLETS 100,0
1292,SUGAR FREE GOLD POWDER 100GM,0
1293,SUGAR FREE GOLD SACHET 100 1*100,0
1294,SUGAR FREE GREEN 100 PELLETS 1X100,0
1295,SUGAR FREE GREEN 300 PELLETS 1X300,0
1296,SUGAR FREE GREEN POWDER 200GM,0
1297,SUGAR FREE GREEN POWDER 400GM,0
1298,SUGAR FREE GREEN PWDR CON 3X40 3X40G,0
1299,SUGAR FREE NATURA 300PIL 300PIL,0
1300,SUGAR FREE NATURA 500PIL 1X500PIL,0
1301,SUGAR FREE NATURA DROP PCS,0
1302,SUGAR FREE NATURA PELLET 200,0
1303,SUGAR FREE NATURA PELLETS 100,0
1304,SUGAR FREE NATURA POWDER 100GM,0
1305,SUGAR FREE NATURA POWDER 220G,0
1306,SUGAR FREE NATURA SACHET 25 1*25,0
1307,SUGAR FREE NATURA SACHETS 100 1*100,0
1308,SUGAR FREE NATURA SACHETS 50,0
1309,SUGARNIL TAB 15*12STRIP,0
1310,SUMO COLD TAB 10*20STRIP,0
1311,SUMO L IV  1PIC,0
1312,SUMO TAB. 15*20STRIP,0
1313,SUPACEF 1.5MG 1VAIL,0
1314,SUPACEF 250MG  1VAIL,0
1315,SUPACEF 750MG 1VIAL,0
1316,SURBEX GOLD CAP 15*10STRIP,0
1317,SUSTEN 100MG CAP  1BOX,0
1318,SYNCLAR DRY SYP 30ML,0
1319,SYNTOCINON AMP 1ML*75AMP,0
1320,TAXIM 1000MG INJ.  1VIAL,0
1321,TAXIM 250MG INJ  1VIAL,0
1322,TAXIM 500MG INJ  1VIAL,0
1323,TAXIM-O 100MG  1BOX,0
1324,TAXIM-O 200MG 1BOX,0
1325,TAXIM-O DROP  25,0
1326,TAXIM-O SYP  25,0
1327,TAZAR VAIL 1BOX,0
1328,T-BACT CREAM 10GM 1X10,0
1329,T-BACT CREAM 7.5GM 1X10,0
1330,T-BACT OINT  5GM 1X10,0
1331,T-BACT OINT 15GM 1X10,0
1332,TELLZY-MT 50MG TAB 1X1,0
1333,TELMA 20 10*15,0
1334,TELMA 40MG TAB 5*30,0
1335,TELMA H 40MG TAB 10*15,0
1336,TELMA H 80MG TAB 10*15,0
1337,TELMA-AMH 40MG TAB 10*15,0
1338,TELMIKIND 20MG TAB 12X10,0
1339,TELMIKIND 40 MG TAB 12*10,0
1340,TELMIKIND AM 6*10,0
1341,TELMIKIND H 6*10,0
1342,TELMIKIND-AMH TAB 6*10,0
1343,TELSITE 20MG TB 1X10,0
1344,TELSITE 40MG TB 1X10,0
1345,TELSITE 80MG TB 1X10,0
1346,TELSITE AM TAB 10*10STRIP,0
1347,TELSITE AMH TAB 1BOX,0
1348,TELSITE H40+12.5MG 1BOX,0
1349,TENORMIN 25 TAB 14*60STRIP,0
1350,TENORMIN 50 TAB 14*60STRIP,0
1351,TENOVATE GN 20GM PCS,0
1352,TENOVATE M SKIN CREAM 15GM 1*10,0
1353,TENOVATE OINT 15 GMS 1*10,0
1354,TENOVATE SKIN 30 GM 1OIN,0
1355,THEO-ASTHALIN FORTE 20*30STRIP,0
1356,THEO-ASTHALIN TAB 30*60STRIP,0
1357,THREPTIN DISKETTES (1KG) 1KG,0
1358,THREPTIN DISKETTES 275GM 1PCS,0
1359,THREPTIN POWDER CHOCOLATE 200G 1*200GM,0
1360,THREPTIN POWDER VANILLA 200GM 1*200GM,0
1361,THYRONORM  12.5MG TAB 120TAB*1CC,0
1362,THYRONORM  25MG TAB 120TAB*1CC,0
1363,THYRONORM  37.5MG TAB 1PCS,0
1364,THYRONORM  50MG TAB 120TAB*1CC,0
1365,THYRONORM  75MG TAB 120TAB*1CC,0
1366,THYRONORM  88MG TAB 120TAB*1CC,0
1367,THYRONORM 100MG TAB 120TAB*1CC,0
1368,THYRONORM 125MG TAB 120TAB*1CC,0
1369,T-MINIC ORAL  15ML 1 PCS,0
1370,T-MINIC SYP 60ML 1 PCS,0
1371,TOFAKIN 5MG TAB  BOX,0
1372,TOUJEO 450IU 1BOX,0
1373,TOUJEO CARTRIDGE 1X3,0
1374,TOUSTAR PEN 1X1,0
1375,TRABEST TAB  1BOX,0
1376,TRENTAL 400MG 15*10STRIP,0
1377,TRIBET 2MG TAB 15*20STRIP,0
1378,TRINURVOSOL 1000INJ 5ML*12VIAL,0
1379,UDIHEP FORTE 10*5STRIP,0
1380,UDIHEP TAB 10*10STRIP,0
1381,UDILIV 150 MG 15*10STRIP,0
1382,UDILIV 300 MG 15*15STRIP,0
1383,UDISYP 200ML 1X200ML,0
1384,ULGAL A SYP 200ML,0
1385,ULGAL SYP 200ML,0
1386,ULGAL TAB 8*40STRIP,0
1387,UNNATI CLAIM DEC-2023.Q4 1PCS,0
1388,UNWANTED 72 TAB 1*1,0
1389,UNWANTED KIT 1,0
1390,URIMAX 0.4MG CAP 20X40STRIP,0
1391,URIMAX 0.4MG CAP DIBI PACK 1X30,0
1392,URIMAX D TAB 15X10STRIP,0
1393,URIMAX DX CAP 30*5CC,0
1394,URIMAX F CAPSULES 15*30STRIP,0
1395,URIMAX T CAP 15*10STRIP,0
1396,URIMAX-Z CAP 1X10,0
1397,VALBET OIN  1TUBE,0
1398,VALIUM 10MG TAB,0
1399,VALIUM 2MG TAB 1*50STRIP,0
1400,VALIUM 5MG TAB 1X50STRIP,0
1401,VALPARIN 200 SYP 200ML,0
1402,VALPARIN 200 TAB (NEW) 1X15X10,0
1403,VALPARIN 200 TAB 10*10STRIP,0
1404,VALPARIN 500 TAB 10*10STRIP,0
1405,VALPARIN CR 200MG 15X10STRIP,0
1406,VALPARIN CR 300MG 15*10STRIP,0
1407,VALPARIN CR 500MG 15*10STRIP,0
1408,VAXIRAB VAIL  1AMP,0
1409,VEET CREAM  (100GM) 100GM,0
1410,VEET CREAM  (15GM) 15GM,0
1411,VEET CREAM  (30GM) 30GM,0
1412,VEET CREAM  (50GM) 50GM,0
1413,VEET STRIPS 1X8PCS,0
1414,VERBET 24 MG 10*10STRIP,0
1415,VERTIN  8MG 15*10STRIP,0
1416,VERTIN 16MG 15X10STRIP.,0
1417,VERTIN 24MG 15*10STRIP,0
1418,VERTIN OD 24 7*10STRIP,0
1419,VERTIN OD 48 7*10STRIP,0
1420,VIAGRA 100MG TAB 1X1,0
1421,VIAGRA 50MG TAB 1X1,0
1422,VICKS ACTION 500MG TAB 1*10 TAB,0
1423,VICKS VAPORUB MINIPACK 1PCS,0
1424,VINLEP 150MG TAB 10*10STRIP,0
1425,VINLEP 300MG TAB 10*10STRIP,0
1426,VINLEP 450MG TAB 10*10STRIP,0
1427,VINLEP 600MG TAB 10*10STRIP,0
1428,VITAMIN A TABLET 1X25,0
1429,VITNEURIN AMP 1BOX,0
1430,VITNEURIN CZS TAB 15*10STRIP,0
1431,VOLINI GEL  4GM 1PCS,0
1432,VOLINI GEL 100GM 1PCS,0
1433,VOLINI GEL 10GM 1PAKET*5PCS,0
1434,VOLINI GEL 12GM 12GM,0
1435,VOLINI GEL 15GM 1PCS,0
1436,VOLINI GEL 20GM 1X20GM,0
1437,VOLINI GEL 30GM 1PCS,0
1438,VOLINI GEL 40GM 1PCS,0
1439,VOLINI GEL 50GM 1PCS,0
1440,VOLINI GEL 6GM 6GM,0
1441,VOLINI GEL 75GM 1PCS,0
1442,VOLINI JOINT XPERT 20GM GEL,0
1443,VOLINI MAXX GEL  (30GM) 30GM,0
1444,VOLINI MAXX SPARY (SMALL) 1PCS,0
1445,VOLINI MAXX SPARY (SMALL) 25GM 25GM,0
1446,VOLINI SPRAY 100GM 1PCS,0
1447,VOLINI SPRAY 15G 1PCS,0
1448,VOLINI SPRAY 40MG 1PCS,0
1449,VOLINI SPRAY 42GM 1PCS,0
1450,VOLINI SPRAY 60GM 1PCS,0
1451,VOVERAN-INJ-1ML(BOX)-90INJ 90X1ML,0
1452,WARF-1MG TAB 30*10STRIP,0
1453,WARF-2MG TAB 30*30STRIP,0
1454,WARF-3MG TAB 30*10STRIP,0
1455,WARF-5MG TAB 30*60STRIP,0
1456,WIKORYL DROP 1PCS,0
1457,WIKORYL DS SYP60ML 1PCS,0
1458,WIKORYL SYP 1PCS,0
1459,WIKORYL TAB  (BIG) 15X60,0
1460,WIKORYL TAB (SMALL) 1X30,0
1461,WINACE-TH 4 TAB  1BOX,0
1462,WINZEST PLUS TAB 1*10,0
1463,WINZEST TAB 1X10,0
1464,WRIST WRAP (NEOPRENE) 1,0
1465,WYMOX 250 CAPSULES 15*10STRIP,0
1466,WYMOX 250 KID TAB 15X10STRIP,0
1467,WYMOX 500MG CAP 15X20STRIP,0
1468,WYSOLONE 10MG TAB 15*120STRIP,-10
1469,WYSOLONE 20MG TAB 15*105STRIP,0
1470,WYSOLONE 5MG TAB 15*120STRIP,0
1471,XINBEST CREAM 1PCS,0
1472,XONE 1GM 1PCS,0
1473,XONE-XP 1.125 1PCS,0
1474,XPRAB INJ 1PCS,0
1475,ZANOCIN 200MG TAB 10*20STRIP,0
1476,ZANOCIN LIQUID 100MG 1X60ML,0
1477,ZANOCIN OZ TAB 10*10STRIP,0
1478,ZEET DX SYRUP 1PCS,0
1479,ZEET SYP 1BOX,0
1480,ZENTEL SYP. 1PCS,0
1481,ZENTEL TAB. 10*10STRIP,0
1482,ZERODOL-P TAB 10X10,0
1483,ZERODOL-SP TAB 10*10,0
1484,ZEROLAC 200GM 200GM,0
1485,ZEROLAC 400GM 400GM,0
1486,ZIFI 100MG SYP 30ML,0
1487,ZIFI 200MG 30X10,0
1488,ZIFI 400MG TAB 10X10,0
1489,ZIFI 50MG SYP 30ML,0
1490,ZIFI DT 100MG TAB 10X10,0
1491,ZIFI DT 50MG TAB 10X10,0
1492,ZIFI-100(SYRUP)30ML 1X30ML,0
1493,ZIFI-CV 200MG TAB 10X10,0
1494,ZIFI-CV-100 SYP 30 ML,0
1495,ZIGLIM PLUS 2 MG 10 TAB,0
1496,ZIMIG 250MG TAB 7*20STRIP,0
1497,ZIMIVIR TAB 1BOX,0
1498,ZINTAC 150MG TAB 1X25,0
1499,ZODERM E CREAM 1PCS,0
1500,ZOLFRESH 10MG TAB 1X10STRIPS,0
1501,ZOLFRESH 5MG TAB 1X10,0
1502,ZOVIRAX 200MG 5X5,0
1503,ZOVIRAX 400MG 10*5STRIP,0
1504,ZOVIRAX 800MG 5*5STRIP,0
1505,ZOVIRAX SUS 100ML,0
1506,ZYLORIC 100MG TAB 10*25STRIP,0
1507,ZYLORIC 300MG TAB 10*25STRIP,0
1508,ZYTEE SOLUTION PCS,0
